id,number,created_at,updated_at
1,1,now(),now()
2,2,now(),now()
3,3,now(),now()
4,4,now(),now()
5,5,now(),now()
6,6,now(),now()
7,7,now(),now()
8,8,now(),now()
9,9,now(),now()
10,10,now(),now()
11,11,now(),now()
12,12,now(),now()
13,13,now(),now()
14,14,now(),now()
15,15,now(),now()
16,16,now(),now()
17,17,now(),now()
18,18,now(),now()
19,19,now(),now()
20,20,now(),now()
21,21,now(),now()
22,22,now(),now()
23,23,now(),now()
24,24,now(),now()
25,25,now(),now()
26,26,now(),now()
27,27,now(),now()
28,28,now(),now()
29,29,now(),now()
30,30,now(),now()
31,31,now(),now()
32,32,now(),now()
33,49,now(),now()
34,50,now(),now()
35,51,now(),now()
36,52,now(),now()
37,53,now(),now()
38,54,now(),now()
39,55,now(),now()
40,56,now(),now()
41,57,now(),now()
42,58,now(),now()
43,59,now(),now()
44,60,now(),now()
45,61,now(),now()
46,62,now(),now()
47,63,now(),now()
48,64,now(),now()
49,65,now(),now()
50,66,now(),now()
51,67,now(),now()
52,68,now(),now()
53,69,now(),now()
54,70,now(),now()
55,71,now(),now()
56,72,now(),now()
57,73,now(),now()
58,74,now(),now()
59,75,now(),now()
60,76,now(),now()
61,77,now(),now()
62,78,now(),now()
63,79,now(),now()
64,80,now(),now()
65,81,now(),now()
66,82,now(),now()
67,83,now(),now()
68,84,now(),now()
69,85,now(),now()
70,86,now(),now()
71,88,now(),now()
72,89,now(),now()
73,90,now(),now()
74,91,now(),now()
75,92,now(),now()
76,93,now(),now()
77,94,now(),now()
78,95,now(),now()
79,96,now(),now()
80,97,now(),now()
81,98,now(),now()
82,99,now(),now()
83,100,now(),now()
84,101,now(),now()
85,102,now(),now()
86,103,now(),now()
87,104,now(),now()
88,105,now(),now()
89,106,now(),now()
90,107,now(),now()
91,108,now(),now()
92,109,now(),now()
93,110,now(),now()
94,111,now(),now()
95,112,now(),now()
96,113,now(),now()
97,114,now(),now()
98,115,now(),now()
99,116,now(),now()
100,117,now(),now()
101,118,now(),now()
102,119,now(),now()
103,120,now(),now()
104,121,now(),now()
105,122,now(),now()
106,123,now(),now()
107,124,now(),now()
108,125,now(),now()
109,126,now(),now()
110,127,now(),now()
111,128,now(),now()
112,129,now(),now()
113,130,now(),now()
114,131,now(),now()
115,132,now(),now()
116,133,now(),now()
117,134,now(),now()
118,135,now(),now()
119,136,now(),now()
120,137,now(),now()
121,138,now(),now()
122,139,now(),now()
123,140,now(),now()
124,141,now(),now()
125,142,now(),now()
126,143,now(),now()
127,144,now(),now()
128,145,now(),now()
129,146,now(),now()
130,147,now(),now()
131,148,now(),now()
132,149,now(),now()
133,150,now(),now()
134,151,now(),now()
135,152,now(),now()
136,153,now(),now()
137,154,now(),now()
138,4227145,now(),now()
139,4227153,now(),now()
140,4227161,now(),now()
141,4227169,now(),now()
142,4227177,now(),now()
143,4227185,now(),now()
144,4227193,now(),now()
145,4227201,now(),now()
146,4227209,now(),now()
147,4227217,now(),now()
148,4227225,now(),now()
149,4227233,now(),now()
150,4227241,now(),now()
151,4227249,now(),now()
152,4227257,now(),now()
153,4227265,now(),now()
154,4227273,now(),now()
155,4227281,now(),now()
156,4227289,now(),now()
157,4227297,now(),now()
158,4227305,now(),now()
159,4227313,now(),now()
160,4227321,now(),now()
161,4227329,now(),now()
162,4227337,now(),now()
163,4227345,now(),now()
164,4227353,now(),now()
165,4227361,now(),now()
166,4227625,now(),now()
167,4227626,now(),now()
168,4227633,now(),now()
169,4227634,now(),now()
170,4227641,now(),now()
171,4227642,now(),now()
172,4227649,now(),now()
173,4227650,now(),now()
174,4227657,now(),now()
175,4227658,now(),now()
176,4227665,now(),now()
177,4227666,now(),now()
178,4227673,now(),now()
179,4227674,now(),now()
180,4227681,now(),now()
181,4227682,now(),now()
182,4227689,now(),now()
183,4227690,now(),now()
184,4227697,now(),now()
185,4227698,now(),now()
186,4227705,now(),now()
187,4227706,now(),now()
188,4227713,now(),now()
189,4227714,now(),now()
190,4227721,now(),now()
191,4227722,now(),now()
192,4227729,now(),now()
193,4227730,now(),now()
194,4227737,now(),now()
195,4227738,now(),now()
196,4227745,now(),now()
197,4227746,now(),now()
198,4227753,now(),now()
199,4227754,now(),now()
200,4227761,now(),now()
201,4227762,now(),now()
202,4227769,now(),now()
203,4227770,now(),now()
204,4227777,now(),now()
205,4227778,now(),now()
206,4227785,now(),now()
207,4227786,now(),now()
208,4227793,now(),now()
209,4227794,now(),now()
210,4227801,now(),now()
211,4227802,now(),now()
212,4227809,now(),now()
213,4227810,now(),now()
214,4227817,now(),now()
215,4227818,now(),now()
216,4227825,now(),now()
217,4227826,now(),now()
218,4227833,now(),now()
219,4227834,now(),now()
220,4227841,now(),now()
221,4227842,now(),now()
222,4227850,now(),now()
223,4227858,now(),now()
224,4227866,now(),now()
225,4227874,now(),now()
226,4227882,now(),now()
227,4227890,now(),now()
228,4227898,now(),now()
229,4227906,now(),now()
230,4227914,now(),now()
231,4227922,now(),now()
232,4227930,now(),now()
233,4227938,now(),now()
234,4227946,now(),now()
235,4227954,now(),now()
236,4227962,now(),now()
237,4227970,now(),now()
238,4227978,now(),now()
239,4227986,now(),now()
240,4227994,now(),now()
241,4228002,now(),now()
242,4228009,now(),now()
243,4228017,now(),now()
244,4228025,now(),now()
245,4228033,now(),now()
246,4228041,now(),now()
247,4228049,now(),now()
248,4228057,now(),now()
249,4228065,now(),now()
